{"ph_type": "SC", "states": [{"timeout": 0, "timeout_action": "stay", "timeout_action_arg": 0, "classes": [{"label": "good", "phwin": 5, "phth": 0.7, "phbackoff": 20, "phaction": 0, "phaction_arg": 0, "smoothing_queue_size": 1}, {"label": "hello", "phwin": 5, "phth": 0.7, "phbackoff": 20, "phaction": 0, "phaction_arg": 1, "smoothing_queue_size": 1}, {"label": "welcome", "phwin": 5, "phth": 0.7, "phbackoff": 20, "phaction": 0, "phaction_arg": 2, "smoothing_queue_size": 1}, {"label": "airlock100", "phwin": 255, "phth": 0.998, "phbackoff": 0, "phaction": 2, "phaction_arg": 2, "smoothing_queue_size": 1}]}]}